{"options":{"check_for_updates":true,"comment":"","compatopts_for_requires":true,"compat_wrappedjsobject":false,"compat_metadata":false,"compat_foreach":false,"compat_arrayleft":false,"compat_prototypes":true,"compat_uW_gmonkey":false,"compat_forvarin":false,"noframes":null,"awareOfChrome":false,"run_at":null,"override":{"use_includes":[],"orig_includes":["/^http(s)?://worker\\.mturk\\.com/"],"merge_includes":true,"use_matches":[],"orig_matches":[],"merge_matches":true,"use_excludes":[],"orig_excludes":["https://worker.mturk.com/?finder_beta","https://worker.mturk.com/?hit_forker","https://worker.mturk.com/requesters/PandaCrazy/projects","https://worker.mturk.com/?filters[search_term]=pandacrazy=on"],"merge_excludes":true,"use_connects":[],"merge_connects":true,"use_blockers":[],"orig_run_at":"document-end","orig_noframes":null,"orig_connects":[]}},"settings":{"enabled":true,"position":3},"meta":{"name":"TurkerViewJS","uuid":"b0a29d16-280e-44e4-b279-2712e8b6f928","modified":1576183319879,"file_url":"https://turkerview.com/mturk-scripts/repo/1-turkerviewjs/1.user.js"}}